comparison,n_pairs,mean_difference,median_difference,ci_low,ci_high,p_wilcoxon,p_holm,rank_biserial,improved,worsened
A4_vs_A1,21,0.017,0.0026,-0.0046,0.0391,0.125859,0.251717,0.446,14,6
A5_vs_A1,21,0.0232,0.0033,-0.0021,0.0491,0.036561,0.109684,0.576,16,4
A4_vs_A2,21,0.0127,0.0027,-0.0171,0.0427,0.178956,0.251717,0.403,14,6
A4_vs_A3,21,0.0279,0.0081,-0.0061,0.0602,0.018675,0.074699,0.636,16,4
A4_vs_A0,21,0.1364,0.0351,0.0547,0.2387,0.001176,0.007055,0.766,17,4
A5_vs_A0,21,0.1426,0.0371,0.0543,0.2523,0.0016,0.008001,0.749,17,4
