comparison,n,median_difference,mean_difference,ci95_bca_low,ci95_bca_high,wilcoxon_stat,p_wilcoxon,p_holm,rank_biserial,rb_ci_low,rb_ci_high,pct_improved
A4_vs_A1,21,0.0007,0.0252,0.0,0.024,32.0,0.019809,0.079236,0.723,0.29,0.931,66.7
A5_vs_A1,21,0.0034,0.0263,0.0,0.0289,30.0,0.02772,0.079236,0.74,0.281,0.939,66.7
A4_vs_A2,21,0.0044,0.0187,0.0,0.0159,43.0,0.064185,0.079236,0.628,0.152,0.896,71.4
A4_vs_A3,21,0.0043,0.043,0.0,0.0372,38.0,0.021802,0.079236,0.671,0.169,0.922,71.4
A4_vs_A0,21,0.0401,0.144,0.0002,0.1367,11.0,0.001177,0.007059,0.905,0.558,1.0,76.2
A5_vs_A0,21,0.0377,0.1451,0.0004,0.1398,22.0,0.003307,0.016534,0.81,0.377,0.957,76.2
